name,category,price,quantity
Maggi Masala Noodles 70 g,Instant Food,15.00,70 g
Maggi Masala Noodles 140 g,Instant Food,29.00,140 g
Maggi Masala Noodles 280 g,Instant Food,59.00,280 g
Maggi Masala Noodles 420 g,Instant Food,78.00,420 g
Maggi Double Masala Noodles 95 g,Instant Food,18.00,95 g
Maggi Special Masala Noodles 70 g,Instant Food,20.00,70 g
Maggi Spicy Cheesy Noodles 76 g,Instant Food,25.00,76 g
Yippee Magic Masala Noodles 70 g,Instant Food,15.00,70 g
Yippee Magic Masala Noodles 140 g,Instant Food,29.00,140 g
Yippee Magic Masala Noodles 280 g,Instant Food,48.00,280 g
Top Ramen Curry Veg Noodles 280 g,Instant Food,93.00,280 g
Wai Wai Veg Masala Noodles 420 g,Instant Food,89.00,420 g
Maggi Masala Cuppa Cup Noodles 70.5 g,Instant Food,49.00,70.5 g
Nissin Mazedar Masala Cup Noodles 70 g,Instant Food,56.00,70 g
Maggi Pazzta Masala Penne Pasta 69.5 g,Instant Food,31.00,69.5 g
Maggi Cheesy Tomato Twist Pasta 68.5 g,Instant Food,30.00,68.5 g
Amul Taaza Milk 200 ml,Dairy & Eggs,17.00,200 ml
Amul Taaza Milk 500 ml,Dairy & Eggs,30.00,500 ml
Amul Taaza Milk 1 L,Dairy & Eggs,77.00,1 L
Amul Gold Milk 500 ml,Dairy & Eggs,36.00,500 ml
Amul Gold Milk 1 L,Dairy & Eggs,83.00,1 L
Amul Cow Milk 500 ml,Dairy & Eggs,31.00,500 ml
Mother Dairy Toned Milk 500 ml,Dairy & Eggs,30.00,500 ml
Mother Dairy Cow Milk 1 L,Dairy & Eggs,62.00,1 L
Mother Dairy Pro Milk 500 ml,Dairy & Eggs,36.00,500 ml
Country Delight 25g Protein Protein Milk 450 ml,Dairy & Eggs,56.00,450 ml
Yakult Probiotic 5 × 65 ml,Dairy & Eggs,90.00,5 × 65 ml
Harvest Gold White Bread 350 g,Bakery,35.00,350 g
Harvest Gold Whole Wheat Bread 450 g,Bakery,65.00,450 g
Harvest Gold Brown Bread 400 g,Bakery,60.00,400 g
English Oven White Bread 350 g,Bakery,35.00,350 g
English Oven Brown Bread 400 g,Bakery,60.00,400 g
English Oven Milk Bread 400 g,Bakery,50.00,400 g
Britannia Whole Wheat Bread 400 g,Bakery,65.00,400 g
Health Factory Whole Wheat Bread 250 g,Bakery,55.00,250 g
Harvest Gold Bombay Pav 250 g,Bakery,40.00,250 g
Regular White Eggs 10 pcs,Dairy & Eggs,99.00,10 pcs
Eggoz Protein Rich Eggs 10 pcs,Dairy & Eggs,161.00,10 pcs
Farm Made Free Range Eggs 6 pcs,Dairy & Eggs,144.00,6 pcs
Amul Masti Pouch Curd 380 g,Dairy & Eggs,35.00,380 g
Amul Masti Curd 1 kg,Dairy & Eggs,80.00,1 kg
Amul Masti Cup Curd 200 g,Dairy & Eggs,25.00,200 g
Mother Dairy Classic Curd 200 g,Dairy & Eggs,25.00,200 g
Mother Dairy Classic Pouch Curd 390 g,Dairy & Eggs,35.00,390 g
Nestlé a+ Dahi Curd 180 g,Dairy & Eggs,35.00,180 g
Milky Mist Plain Greek Yogurt 100 g,Dairy & Eggs,45.00,100 g
Amul Salted Butter 100 g,Dairy & Eggs,63.00,100 g
Amul Unsalted Butter 100 g,Dairy & Eggs,65.00,100 g
Milky Mist Salted Butter 100 g,Dairy & Eggs,63.00,100 g
Amul Slices Cheese 100 g,Dairy & Eggs,82.00,100 g
Amul Cubes Cheese 200 g,Dairy & Eggs,128.00,200 g
Amul Diced Cheese 200 g,Dairy & Eggs,125.00,200 g
Britannia Laughing Cow Slices Cheese 180 g,Dairy & Eggs,109.00,180 g
Mother Dairy Slices Cheese 200 g,Dairy & Eggs,109.00,200 g
D'lecta Mozzarella Cheese 140 g,Dairy & Eggs,96.00,140 g
Lay's Cream & Onion Chips,Munchies,20.00,
Lay's Magic Masala Chips,Munchies,20.00,
Lay's Classic Salted Chips,Munchies,20.00,
Uncle Chipps Spicy Treat Chips,Munchies,20.00,
Doritos Cheese Nachos,Munchies,20.00,
Doritos Sweet Chilli Nachos,Munchies,20.00,
Haldiram's Aloo Bhujia Namkeen 200 g,Munchies,59.00,200 g
Haldiram's Khatta Meetha Namkeen 200 g,Munchies,50.00,200 g
Haldiram's Moong Dal Namkeen 200 g,Munchies,55.00,200 g
Parle-G Biscuits 250 g,Munchies,30.00,250 g
Britannia Good Day Cashew Biscuits 827 g,Munchies,140.00,827 g
Britannia Marie Gold Biscuits 1 kg,Munchies,109.00,1 kg
Britannia Jim Jam Biscuits 138 g,Munchies,29.00,138 g
Sunfeast Bourbon Dark Fantasy Biscuits 99 g,Munchies,15.00,99 g
Hide & Seek Milano Choco Chip Cookies 150 g,Munchies,63.00,150 g
Sunfeast Mom's Magic Cookies 183 g,Munchies,26.00,183 g
Britannia NutriChoice Digestive 960 g,Munchies,133.00,960 g
Britannia Fudge It Brownie Cake 120 g,Munchies,64.00,120 g
Parle Elaichi Rusk 1 kg,Munchies,180.00,1 kg
ACT II Popcorn small pack,Munchies,10.00,small pack
Dairy Milk Chocolate small bar,Munchies,10.00,small bar
Dairy Milk Chocolate regular bar,Munchies,20.00,regular bar
5 Star Chocolate,Munchies,20.00,
KitKat Chocolate,Munchies,20.00,
Munch Chocolate,Munchies,10.00,
Center Fresh Gum,Munchies,1.00,
Mentos Candy roll,Munchies,10.00,roll
Coca-Cola Soft Drink 250 ml,Cold Drinks,20.00,250 ml
Coca-Cola Soft Drink 750 ml,Cold Drinks,40.00,750 ml
Thums Up Soft Drink 250 ml,Cold Drinks,20.00,250 ml
Sprite Soft Drink 250 ml,Cold Drinks,20.00,250 ml
Pepsi Soft Drink 250 ml,Cold Drinks,20.00,250 ml
Sting Energy Drink 250 ml,Cold Drinks,20.00,250 ml
Red Bull Energy Drink 250 ml,Cold Drinks,125.00,250 ml
Bisleri Water 1 L,Cold Drinks,20.00,1 L
Kinley Water 1 L,Cold Drinks,20.00,1 L
Nescafé Café Style Iced Latte Cold Coffee 170 ml,Cold Drinks,50.00,170 ml
Amul Kool Café Cold Coffee can,Cold Drinks,35.00,can
Lipton Lemon Iced Tea 350 ml,Cold Drinks,42.00,350 ml
Real Mixed Fruit Juice 1 L,Cold Drinks,130.00,1 L
Tropicana Mixed Fruit Juice 1 L,Cold Drinks,120.00,1 L
Electral ORS Electrolyte sachet,Cold Drinks,24.00,sachet
Gatorade Sports Drink 500 ml,Cold Drinks,50.00,500 ml
Colgate Strong Teeth Toothpaste 150 g,Personal Care,103.00,150 g
Colgate Total Advanced Toothpaste,Personal Care,80.00,
Colgate Visible White Purple Toothpaste,Personal Care,169.00,
Sensodyne Deep Clean Toothpaste,Personal Care,145.00,
Sensodyne Rapid Relief Toothpaste,Personal Care,200.00,
Oral-B Pro Clean Sensitive Toothbrush 1 pc,Personal Care,43.00,1 pc
Sensodyne Sensitive Soft Toothbrush 1 pc,Personal Care,65.00,1 pc
Colgate Zig Zag Toothbrush,Personal Care,81.00,
Listerine Cool Mint Mouthwash 250 ml,Personal Care,178.00,250 ml
Dove Cream Beauty Soap 100 g,Personal Care,65.00,100 g
Lux Soap 100 g,Personal Care,40.00,100 g
Lifebuoy Soap 100 g,Personal Care,38.00,100 g
Dettol Original Soap 100 g,Personal Care,40.00,100 g
Clinic Plus Strong & Long Shampoo 175 ml,Personal Care,105.00,175 ml
Head & Shoulders Shampoo 180 ml,Personal Care,210.00,180 ml
Dove Intense Repair Shampoo 180 ml,Personal Care,190.00,180 ml
Sunsilk Black Shine Shampoo 180 ml,Personal Care,165.00,180 ml
Himalaya Neem Face Wash 100 ml,Personal Care,170.00,100 ml
Garnier Men Face Wash 100 g,Personal Care,249.00,100 g
Fogg Deodorant 120 ml,Personal Care,225.00,120 ml
Wild Stone Deodorant 150 ml,Personal Care,249.00,150 ml
Nivea Men Deodorant 150 ml,Personal Care,249.00,150 ml
Surf Excel Easy Wash Detergent 1 kg,Home Care,152.00,1 kg
Surf Excel Quick Wash Detergent 500 g,Home Care,123.00,500 g
Tide Double Power Detergent 970 g,Home Care,132.00,970 g
Ghadi Detergent 1 kg,Home Care,83.00,1 kg
Wheel Active Detergent 1 kg,Home Care,87.00,1 kg
Rin Detergent Bar 130 g,Home Care,10.00,130 g
Surf Excel Detergent Bar 84 g,Home Care,10.00,84 g
Goodknight Gold Flash Mosquito Repellent machine + refill,Home Care,99.00,machine + refill
All Out Mosquito Repellent machine + refill,Home Care,99.00,machine + refill
Origami Facial Tissue 100 pulls,Home Care,75.00,100 pulls
Gala Garbage Bags medium roll,Home Care,90.00,medium roll
Duracell AA Battery 2 pcs,Stationery & Electronics,99.00,2 pcs
Duracell AAA Battery 2 pcs,Stationery & Electronics,99.00,2 pcs
Goldmedal 3-Pin Multi Plug 1 pc,Stationery & Electronics,129.00,1 pc
GM Spice 3-Pin Multi Plug 1 pc,Stationery & Electronics,129.00,1 pc
"Orient 4-Way, 2 m Extension Board 1 pc",Stationery & Electronics,289.00,1 pc
Havells Multi-Plug Extension Board 1 pc,Stationery & Electronics,389.00,1 pc
Portronics Power Plate 10 Extension Board 1 pc,Stationery & Electronics,397.00,1 pc
Classmate Long Notebook 1 pc,Stationery & Electronics,60.00,1 pc
Classmate Regular Notebook 1 pc,Stationery & Electronics,40.00,1 pc
Reynolds 045 Pen 1 pc,Stationery & Electronics,10.00,1 pc
Cello Butterflow Pen 1 pc,Stationery & Electronics,10.00,1 pc
Hauser XO Pen 1 pc,Stationery & Electronics,10.00,1 pc
Faber-Castell Highlighter 1 pc,Stationery & Electronics,40.00,1 pc
Fevistik Glue 15 g,Stationery & Electronics,30.00,15 g
Banana Robusta 1 kg,Fruits & Veg,60.00,1 kg
Apple Royal Gala 4 pcs,Fruits & Veg,139.00,4 pcs
Apple Shimla 1 kg,Fruits & Veg,180.00,1 kg
Orange Nagpur 1 kg,Fruits & Veg,120.00,1 kg
Pomegranate 2 pcs,Fruits & Veg,125.00,2 pcs
Papaya 1 pc,Fruits & Veg,75.00,1 pc
Watermelon 1 pc,Fruits & Veg,95.00,1 pc
Muskmelon 1 pc,Fruits & Veg,80.00,1 pc
Guava 500 g,Fruits & Veg,55.00,500 g
Pineapple 1 pc,Fruits & Veg,90.00,1 pc
Sweet Lime Mosambi 1 kg,Fruits & Veg,120.00,1 kg
Grapes Green Seedless 500 g,Fruits & Veg,80.00,500 g
Coconut 1 pc,Fruits & Veg,55.00,1 pc
Lemon 250 g,Fruits & Veg,35.00,250 g
Mango Seasonal 1 kg,Fruits & Veg,160.00,1 kg
Potato 1 kg,Fruits & Veg,35.00,1 kg
Onion 1 kg,Fruits & Veg,40.00,1 kg
Tomato 1 kg,Fruits & Veg,45.00,1 kg
Green Chilli 100 g,Fruits & Veg,20.00,100 g
Ginger 200 g,Fruits & Veg,35.00,200 g
Garlic 200 g,Fruits & Veg,45.00,200 g
Coriander 100 g,Fruits & Veg,20.00,100 g
Cucumber 500 g,Fruits & Veg,35.00,500 g
Carrot 500 g,Fruits & Veg,40.00,500 g
Capsicum Green 500 g,Fruits & Veg,60.00,500 g
Cauliflower 1 pc,Fruits & Veg,45.00,1 pc
Cabbage 1 pc,Fruits & Veg,40.00,1 pc
Lady Finger Bhindi 500 g,Fruits & Veg,50.00,500 g
Brinjal 500 g,Fruits & Veg,40.00,500 g
Bottle Gourd Lauki 1 pc,Fruits & Veg,45.00,1 pc
Spinach Palak 1 bunch,Fruits & Veg,25.00,1 bunch
Green Peas 500 g,Fruits & Veg,75.00,500 g
Sweet Corn 2 pcs,Fruits & Veg,50.00,2 pcs
Mushroom Button 200 g,Fruits & Veg,60.00,200 g
Beetroot 500 g,Fruits & Veg,40.00,500 g
Aashirvaad Shudh Chakki Atta 5 kg,Staples,235.00,5 kg
Aashirvaad Shudh Chakki Atta 10 kg,Staples,457.00,10 kg
Aashirvaad Select MP Sharbati Atta 2 kg,Staples,140.00,2 kg
Aashirvaad High Fibre Multigrain Atta 5 kg,Staples,317.00,5 kg
Fortune Fresh Chakki Atta 5 kg,Staples,223.00,5 kg
Fortune Fresh Chakki Atta 10 kg,Staples,420.00,10 kg
Whole Farm Chakki Atta 5 kg,Staples,194.00,5 kg
Organic Tattva Organic Wheat Atta 1 kg,Staples,69.00,1 kg
Aashirvaad Organic Atta 1 kg,Staples,72.00,1 kg
Patanjali Whole Wheat Chakki Atta 5 kg,Staples,241.00,5 kg
Rajdhani Besan 500 g,Staples,55.00,500 g
Rajdhani Besan 1 kg,Staples,99.00,1 kg
Rajdhani Maida 500 g,Staples,43.00,500 g
Rajdhani Maida 1 kg,Staples,61.00,1 kg
Rajdhani Sooji / Rava 500 g,Staples,34.00,500 g
Organic Tattva Ragi Flour 500 g,Staples,82.00,500 g
Zeeba Everyday Basmati Rice 5 kg,Staples,326.00,5 kg
Fortune Rozana Gold Basmati 1 kg,Staples,100.00,1 kg
Whole Farm Premium Parmal Rice 1 kg,Staples,59.00,1 kg
Daawat Rozana Super Basmati 1 kg,Staples,87.00,1 kg
Daawat Rozana Super Basmati 5 kg,Staples,363.00,5 kg
India Gate Dubar Basmati Rice 1 kg,Staples,120.00,1 kg
India Gate Super Basmati Rice 5 kg,Staples,802.00,5 kg
India Gate Classic Gold Basmati 500 g,Staples,105.00,500 g
Daawat Pulav Basmati Rice 1 kg,Staples,145.00,1 kg
Zeeba Biryani Rice Extra Long Grain 5 kg,Staples,731.00,5 kg
Tata Sampann Unpolished Toor Dal 1 kg,Staples,162.00,1 kg
24 Mantra Organic Tur / Arhar Dal 1 kg,Staples,149.00,1 kg
Fortune Unpolished Arhar Dal 1 kg,Staples,160.00,1 kg
Tata Sampann Chana Dal 500 g,Staples,71.00,500 g
Rajdhani Chana Dal 1 kg,Staples,99.00,1 kg
Tata Sampann Yellow Moong Dal Dhuli 500 g,Staples,96.00,500 g
Tata Sampann Moong Dal Dhuli 1 kg,Staples,178.00,1 kg
Tata Sampann Masoor Dal 500 g,Staples,81.00,500 g
Tata Sampann Split Urad Dal Dhuli 500 g,Staples,105.00,500 g
Tata Sampann Green Moong Chilka 500 g,Staples,89.00,500 g
Tata Sampann Green Moong Sabut 500 g,Staples,89.00,500 g
Tata Sampann Kala Chana 1 kg,Staples,119.00,1 kg
Whole Farm Kala Chana 500 g,Staples,58.00,500 g
Tata Sampann Rajma 500 g,Staples,84.00,500 g
Rajdhani Thick Poha 500 g,Staples,59.00,500 g
Tata Sampann Premium Thick Poha 500 g,Staples,62.00,500 g
Fortune Thick Poha 500 g,Staples,63.00,500 g
Fortune Indori Thick Poha 500 g,Staples,67.00,500 g
Rajdhani Daliya 500 g,Staples,41.00,500 g
Rajdhani Roasted Daliya 500 g,Staples,53.00,500 g
Rajdhani Sabudana 500 g,Staples,69.00,500 g
Whole Farm Sabudana 500 g,Staples,49.00,500 g
Rajdhani Puffed Rice / Murmura 200 g,Staples,37.00,200 g
Nutrela Soya Mini Chunks 200 g,Staples,47.00,200 g
Whole Farm Raw Peanuts 200 g,Staples,48.00,200 g
Whole Farm Makhana 100 g,Staples,109.00,100 g
Rajdhani Plain Makhana 100 g,Staples,149.00,100 g
Whole Farm American Almonds 100 g,Staples,148.00,100 g
Whole Farm Cashew 200 g,Staples,213.00,200 g
Khari Foods Walnut Kernels 200 g,Staples,307.00,200 g
Tata Salt Iodised Salt 1 kg,Staples,28.00,1 kg
Fortune Sunflower Oil 1 L,Staples,145.00,1 L
Fortune Soyabean Oil 1 L,Staples,135.00,1 L
Dhara Mustard Oil 1 L,Staples,170.00,1 L
Tata Sampann Turmeric Powder 100 g,Staples,35.00,100 g
Tata Sampann Red Chilli Powder 100 g,Staples,55.00,100 g
Tata Sampann Coriander Powder 100 g,Staples,40.00,100 g
Everest Garam Masala 100 g,Staples,90.00,100 g
MDH Kitchen King Masala 100 g,Staples,90.00,100 g
Sugar Regular White Sugar 1 kg,Staples,55.00,1 kg
